Workbook

Sheet Petunjuk
A1: Berkas impor Draf - Aruna (Portal Edukasi Disdukcapil Kota Semarang)
A3: Sumber: database_sidnok_data_dukung.xlsx (12 layanan, 98 baris) + keterangan Hua dari pengalaman magang di Disdukcapil (IKD).
A4: SEMUA data berstatus DRAF. Belum boleh diaktifkan sebelum disetujui Penyetuju (alur PRD 7.5).
A6: Sheet:
A7: Layanan: 13 layanan. Jumlah syarat dihitung otomatis dari sheet Syarat (rumus).
A8: Syarat: syarat per layanan dan sub-kategori pemohon. Kolom 'Asal Data' membedakan dataset vs keterangan petugas.
A9: Catatan: baris catatan umum/tambahan, dipisah dari syarat agar tidak masuk checklist.
A10: Alur: alur SIDNOK (AKL, AKM, KIA, BIODATA, PINDAH, DATANG, CERAIKAWIN) dan alur IKD, dari keterangan petugas. KTPEL dan SINKRON memakai alur KANTOR (datang langsung ke kantor Dukcapil, tanpa Sidnok). Rincian langkah di kantor belum ada.
A11: Info_IKD: yang dibawa, biaya, waktu IKD. Kanal_Resmi: alamat/nomor resmi Sidnok dan Dispendukcapil dari halaman resmi. Teks_Portal: usulan wording UI dan penolakan chatbot.
A12: Catatan cakupan: langkah di Sidnok hanya informasi. Pengajuan dilakukan warga di aplikasi resmi, bukan di portal.
A13: Metadata_Sumber: isi nomor/tanggal dokumen asli, tanggal berlaku, penanggung jawab. Sel kuning = diisi manual.
A15: Yang sengaja tidak dimasukkan: baris placeholder Legalisir, e-PAKEM, Kutipan Kedua (halaman sumber kosong; ditandai 'Belum tersedia').
... A18: Legenda: kuning = sel yang harus diisi; abu-abu = baris contoh (hapus sebelum impor).

Sheet Layanan
A1: ID | B1: Kode Layanan | C1: Nama Layanan | D1: Kategori | E1: Status Data (dataset) | F1: Status Portal | G1: Kode Alur | H1: Jumlah Syarat | I1: Jumlah Langkah Alur | J1: Catatan Verifikasi
A2: 1 | B2: AKL | C2: Akta Kelahiran | D2: Pencatatan Sipil | E2: Lengkap (sumber resmi) | F2: Draf | G2: SIDNOK | H2: =COUNTIF(Syarat!$B$2:$B$500,B2) -> 14 | I2: =IF(G2="","",COUNTIF(Alur!$A$2:$A$200,G2)) -> 10
A3: 2 | B3: AKM | C3: Akta Kematian | D3: Pencatatan Sipil | E3: Lengkap (sumber resmi) | F3: Draf | G3: SIDNOK | H3: =COUNTIF(Syarat!$B$2:$B$500,B3) -> 4 | I3: =IF(G3="","",COUNTIF(Alur!$A$2:$A$200,G3)) -> 10
A4: 3 | B4: KTPEL | C4: KTP-EL | D4: Kependudukan | E4: Lengkap (sumber resmi) | F4: Draf | G4: KANTOR | H4: =COUNTIF(Syarat!$B$2:$B$500,B4) -> 17 | I4: =IF(G4="","",COUNTIF(Alur!$A$2:$A$200,G4)) -> 1
A5: 4 | B5: KIA | C5: Kartu Identitas Anak | D5: Kependudukan | E5: Lengkap (sumber resmi) | F5: Draf | G5: SIDNOK | H5: =COUNTIF(Syarat!$B$2:$B$500,B5) -> 6 | I5: =IF(G5="","",COUNTIF(Alur!$A$2:$A$200,G5)) -> 10
A6: 5 | B6: BIODATA | C6: Perubahan Biodata Kartu Keluarga | D6: Kependudukan | E6: Lengkap (sumber resmi) | F6: Draf | G6: SIDNOK | H6: =COUNTIF(Syarat!$B$2:$B$500,B6) -> 12 | I6: =IF(G6="","",COUNTIF(Alur!$A$2:$A$200,G6)) -> 10
A7: 6 | B7: PINDAH | C7: Perpindahan Keluar | D7: Kependudukan | E7: Lengkap (sumber resmi) | F7: Draf | G7: SIDNOK | H7: =COUNTIF(Syarat!$B$2:$B$500,B7) -> 5 | I7: =IF(G7="","",COUNTIF(Alur!$A$2:$A$200,G7)) -> 10
A8: 7 | B8: DATANG | C8: Kedatangan | D8: Kependudukan | E8: Lengkap (sumber resmi) | F8: Draf | G8: SIDNOK | H8: =COUNTIF(Syarat!$B$2:$B$500,B8) -> 5 | I8: =IF(G8="","",COUNTIF(Alur!$A$2:$A$200,G8)) -> 10
A9: 8 | B9: SINKRON | C9: Sinkronisasi Data (Online) | D9: Kependudukan | E9: Lengkap (sumber resmi) | F9: Draf | G9: KANTOR | H9: =COUNTIF(Syarat!$B$2:$B$500,B9) -> 1 | I9: =IF(G9="","",COUNTIF(Alur!$A$2:$A$200,G9)) -> 1 | J9: Dataset menyebut 'Online', tetapi keterangan petugas: tidak pernah ada warga sinkronisasi online; yang ada sinkron biometrik (di kantor Dukcapil). Perlu konfirmasi tertulis; jangan dijawab pasti oleh chatbot.
A10: 9 | B10: CERAIKAWIN | C10: Akta Perceraian & Akta Perkawinan | D10: Pencatatan Sipil | E10: Lengkap (sumber resmi) | F10: Draf | G10: SIDNOK | H10: =COUNTIF(Syarat!$B$2:$B$500,B10) -> 18 | I10: =IF(G10="","",COUNTIF(Alur!$A$2:$A$200,G10)) -> 10
A11: 10 | B11: LEGALISIR | C11: Legalisir | D11: Pencatatan Sipil | E11: Tidak ada rincian di halaman (kosong/tersembunyi) | F11: Belum tersedia | H11: =COUNTIF(Syarat!$B$2:$B$500,B11) -> 0 | I11: =IF(G11="","",COUNTIF(Alur!$A$2:$A$200,G11)) | J11: Syarat di dataset kosong (halaman sumber tidak menampilkan rincian).
A12: 11 | B12: EPAKEM | C12: e-PAKEM | D12: Pencatatan Sipil | E12: Tidak ada rincian di halaman (kosong/tersembunyi) | F12: Belum tersedia | H12: =COUNTIF(Syarat!$B$2:$B$500,B12) -> 0 | I12: =IF(G12="","",COUNTIF(Alur!$A$2:$A$200,G12)) | J12: Syarat di dataset kosong (halaman sumber tidak menampilkan rincian).
A13: 12 | B13: KUTIPAN2 | C13: Kutipan Kedua | D13: Pencatatan Sipil | E13: Tidak ada rincian di halaman (kosong/tersembunyi) | F13: Belum tersedia | H13: =COUNTIF(Syarat!$B$2:$B$500,B13) -> 0 | I13: =IF(G13="","",COUNTIF(Alur!$A$2:$A$200,G13)) | J13: Syarat di dataset kosong (halaman sumber tidak menampilkan rincian).
A14: 13 | B14: IKD | C14: Identitas Kependudukan Digital (IKD) | D14: Kependudukan | E14: Draf (keterangan petugas, belum ada sumber tertulis) | F14: Draf | G14: IKD | H14: =COUNTIF(Syarat!$B$2:$B$500,B14) -> 1 | I14: =IF(G14="","",COUNTIF(Alur!$A$2:$A$200,G14)) -> 6

Sheet Syarat
A1: ID | B1: Layanan ID | C1: Nama Layanan | D1: Sub-Kategori Pemohon | E1: No | F1: Jenis Data Dukung | G1: Keterangan / Kondisi | H1: Asal Data
A2: 1 | B2: AKL | C2: Akta Kelahiran | D2: Pencatatan Kelahiran WNI Dalam Wilayah NKRI | E2: a | F2: Surat keterangan kelahiran | G2: Dari RS/Puskesmas/faskes/dokter/bidan, atau surat keterangan kelahiran dari nakhoda kapal laut/kapten pesawat terbang, atau dari kepala desa/lurah jika lahir di rumah/tempat lain (kebun, sawah, angkutan umum) | H2: Dataset
A3: 2 | B3: AKL | C3: Akta Kelahiran | D3: Pencatatan Kelahiran WNI Dalam Wilayah NKRI | E3: b | F3: Buku nikah/kutipan akta perkawinan/bukti lain yang sah | G3: - | H3: Dataset
A4: 3 | B4: AKL | C4: Akta Kelahiran | D4: Pencatatan Kelahiran WNI Dalam Wilayah NKRI | E4: c | F4: Kartu Keluarga | G4: Dimana penduduk terdaftar atau akan didaftarkan sebagai anggota keluarga | H4: Dataset
A5: 4 | B5: AKL | C5: Akta Kelahiran | D5: Pencatatan Kelahiran WNI Dalam Wilayah NKRI | E5: d | F5: Berita acara dari kepolisian | G5: Bagi anak yang tidak diketahui asal usulnya/keberadaan orang tuanya | H5: Dataset
A6: 5 | B6: AKL | C6: Akta Kelahiran | D6: Pencatatan Kelahiran WNI Dalam Wilayah NKRI | E6: e | F6: SPTJM kebenaran data kelahiran | G6: Dengan 2 (dua) orang saksi, jika tidak memenuhi persyaratan huruf a | H6: Dataset
A7: 6 | B7: AKL | C7: Akta Kelahiran | D7: Pencatatan Kelahiran WNI Dalam Wilayah NKRI | E7: f | F7: SPTJM kebenaran sebagai pasangan suami istri | G7: Dengan 2 (dua) orang saksi, jika tidak memenuhi persyaratan huruf b | H7: Dataset
A8: 7 | B8: AKL | C8: Akta Kelahiran | D8: Pencatatan Kelahiran WNI Dalam Wilayah NKRI | E8: - | F8: Catatan | G8: Untuk pelayanan online/Daring, persyaratan yang discan/difoto untuk diunggah harus aslinya | H8: Dataset
A9: 8 | B9: AKL | C9: Akta Kelahiran | D9: Pencatatan Kelahiran OA | E9: a | F9: Surat keterangan kelahiran | G9: Dari RS/Puskesmas/faskes/dokter/bidan, atau surat keterangan kelahiran dari nakhoda kapal laut/kapten pesawat terbang, atau dari kepala desa/lurah jika lahir di rumah/tempat lain | H9: Dataset
A10: 9 | B10: AKL | C10: Akta Kelahiran | D10: Pencatatan Kelahiran OA | E10: b | F10: Buku nikah/akta perkawinan/bukti lain yang sah | G10: - | H10: Dataset
A11: 10 | B11: AKL | C11: Akta Kelahiran | D11: Pencatatan Kelahiran OA | E11: c | F11: Dokumen Perjalanan | G11: - | H11: Dataset
A12: 11 | B12: AKL | C12: Akta Kelahiran | D12: Pencatatan Kelahiran OA | E12: d | F12: KTP-el orang tua atau kartu izin tinggal tetap/terbatas atau visa kunjungan | G12: - | H12: Dataset
A13: 12 | B13: AKL | C13: Akta Kelahiran | D13: Pencatatan Kelahiran OA | E13: e | F13: OA dapat membuat SPTJM kebenaran data kelahiran | G13: Dengan 2 (dua) orang saksi, jika tidak memenuhi persyaratan huruf a | H13: Dataset
... A84: 99 | B84: IKD | C84: Identitas Kependudukan Digital (IKD) | D84: Aktivasi IKD di Dukcapil | E84: a | F84: Ponsel (HP) | G84: Dibawa saat datang ke Dukcapil untuk scan barcode | H84: Keterangan petugas (Draf)

Sheet Catatan
A1: ID | B1: Layanan ID | C1: Nama Layanan | D1: Jenis Catatan | E1: No | F1: Isi Catatan | G1: Keterangan
A2: 19 | B2: AKM | C2: Akta Kematian | D2: Catatan - Pelapor adalah | E2: 1 | F2: Ahli Waris (suami/istri, anak) / Keluarga lainnya / Ketua RT | G2: -
A3: 20 | B3: AKM | C3: Akta Kematian | D3: Catatan - Pelapor adalah | E3: 2 | F3: Berusia minimal 21 tahun atau sudah menikah | G3: -
A4: 21 | B4: AKM | C4: Akta Kematian | D4: Catatan - Pelapor adalah | E4: 3 | F4: Cakap hukum | G4: -
A5: 22 | B5: AKM | C5: Akta Kematian | D5: Catatan Tambahan | E5: - | F5: Kematian penduduk yang tidak terdaftar dalam KK dan Database Kependudukan | G5: Dilakukan melalui Penetapan Pengadilan
A6: 23 | B6: AKM | C6: Akta Kematian | D6: Catatan Tambahan | E6: - | F6: Dapat diajukan tanpa dokumen kematian dalam Penetapan Pengadilan sepanjang ada dokumen pendukung | G6: Seperti Buku Nikah/Akta Perkawinan/KK lama/KTP lama/Ijazah/Paspor/Dokumen resmi negara lainnya, diajukan dengan Surat Keterangan Kematian dari Kelurahan dan membuat Surat Pernyataan Tanggung Jawab Mutlak. SPTJM dapat diunduh melalui https://sidnok.semarangkota.go.id/get-berkas/1720769569
A7: 24 | B7: AKM | C7: Akta Kematian | D7: Catatan Umum | E7: - | F7: Untuk pelayanan online/Daring | G7: Persyaratan yang discan/difoto untuk diunggah harus aslinya
A8: 42 | B8: KTPEL | C8: KTP-EL | D8: Catatan Umum | E8: - | F8: Untuk pelayanan online/Daring | G8: Persyaratan yang discan/difoto untuk diunggah harus aslinya
A9: 49 | B9: KIA | C9: Kartu Identitas Anak | D9: Catatan Umum | E9: - | F9: Untuk pelayanan online/Daring | G9: Persyaratan yang discan/difoto untuk diunggah harus aslinya
A10: 62 | B10: BIODATA | C10: Perubahan Biodata Kartu Keluarga | D10: Catatan Umum | E10: - | F10: Untuk pelayanan online/Daring | G10: Persyaratan yang discan/difoto untuk diunggah harus aslinya
A11: 68 | B11: PINDAH | C11: Perpindahan Keluar | D11: Catatan Umum | E11: - | F11: Untuk pelayanan online/Daring | G11: Persyaratan yang discan/difoto untuk diunggah harus aslinya
A12: 74 | B12: DATANG | C12: Kedatangan | D12: Catatan Umum | E12: - | F12: Untuk pelayanan online/Daring | G12: Persyaratan yang discan/difoto untuk diunggah harus aslinya
A13: 76 | B13: SINKRON | C13: Sinkronisasi Data (Online) | D13: Catatan Umum | E13: - | F13: Untuk pelayanan online/Daring | G13: Persyaratan yang discan/difoto untuk diunggah harus aslinya. Untuk permohonan Sinkronisasi Data, tidak ada produk fisik yang perlu dicetak/diambil — apabila pelapor telah menerima notifikasi bahwa Status Pengajuan = 'Siap Diambil/Selesai Diproses' maka pelapor dapat menggunakan kembali data kependudukannya untuk keperluan yang dimaksudkan
A14: 95 | B14: CERAIKAWIN | C14: Akta Perceraian & Akta Perkawinan | D14: Catatan Umum | E14: - | F14: Untuk pelayanan online/Daring | G14: Persyaratan yang discan/difoto untuk diunggah harus aslinya

Sheet Alur
A1: Kode Alur | B1: Langkah | C1: Judul Langkah | D1: Keterangan | E1: Asal Data
A2: SIDNOK | B2: 1 | C2: Unduh aplikasi Sidnok | D2: Unduh aplikasi Sidnok di Play Store. Pengguna iPhone dapat memakai browser. | E2: Keterangan petugas (pengalaman magang)
A3: SIDNOK | B3: 2 | C3: Daftar atau masuk | D3: Daftar jika belum punya akun; jika sudah punya, langsung masuk. Jika sudah punya akun tetapi lupa kata sandi, sebaiknya datang langsung ke Dukcapil terdekat. | E3: Keterangan petugas (pengalaman magang)
A4: SIDNOK | B4: 3 | C4: Pilih layanan | D4: Setelah masuk, pilih layanan yang dibutuhkan. | E4: Keterangan petugas (pengalaman magang)
A5: SIDNOK | B5: 4 | C5: Isi formulir | D5: Isi formulir di aplikasi. | E5: Keterangan petugas (pengalaman magang)
A6: SIDNOK | B6: 5 | C6: Lampirkan data pendukung | D6: Lampirkan data pendukung. Pastikan foto terlihat jelas dan tidak terpotong. | E6: Keterangan petugas (pengalaman magang)
A7: SIDNOK | B7: 6 | C7: Kirim pengajuan | D7: Kirim pengajuan di aplikasi. Jangan lupa mencentang (checklist) semua sebagai persetujuan bahwa semua berkas sudah benar. | E7: Keterangan petugas (pengalaman magang)
A8: SIDNOK | B8: 7 | C8: Tunggu diproses | D8: Tunggu berkas diproses. Permohonan diproses pada hari dan jam kerja (menurut halaman resmi Sidnok). | E8: Keterangan petugas (pengalaman magang)
A9: SIDNOK | B9: 8 | C9: Terima pemberitahuan | D9: Jika berkas siap diambil, ada pemberitahuan lewat WhatsApp dan email yang didaftarkan. | E9: Keterangan petugas (pengalaman magang)
A10: SIDNOK | B10: 9 | C10: Ambil berkas | D10: Ambil berkas di Dukcapil terdekat dengan membawa berkas-berkas yang diunggah tadi. | E10: Keterangan petugas (pengalaman magang)
A11: SIDNOK | B11: 10 | C11: Selesai | D11: Proses selesai. | E11: Keterangan petugas (pengalaman magang)
A12: IKD | B12: 1 | C12: Unduh aplikasi IKD | D12: Unduh aplikasi IKD di Play Store. | E12: Keterangan petugas (pengalaman magang)
A13: IKD | B13: 2 | C13: Daftar dan isi data diri | D13: Buka aplikasi, lalu daftar dan isi data diri. | E13: Keterangan petugas (pengalaman magang)
... A18: KANTOR | B18: 1 | C18: Datang ke kantor Dukcapil | D18: KTP-EL dan Sinkronisasi Data harus diurus dengan datang langsung ke kantor Dukcapil. | E18: Keterangan petugas (pengalaman magang)

Sheet Kanal_Resmi
A1: Kanal | B1: Jenis | C1: Alamat / Nomor | D1: Asal Data
A2: Sidnok (situs) | B2: Web | C2: https://sidnok.semarangkota.go.id/ | D2: Dispendukcapil Kota Semarang (pemilik situs); URL dari Hua, dicek 2026-10-20
A3: Sidnok (Android) | B3: Play Store | C3: https://play.google.com/store/apps/details?id=semarangkota.sidnok | D3: Halaman resmi sidnok.semarangkota.go.id (diakses 2026-10-20)
A4: Sidnok (iPhone) | B4: Browser | C4: https://sidnok.semarangkota.go.id/ | D4: Keterangan petugas: iPhone lewat browser
A5: Cek Status Pengajuan | B5: Web | C5: https://sidnok.semarangkota.go.id/cek-status | D5: Halaman resmi sidnok.semarangkota.go.id (diakses 2026-10-20)
A6: Data Dukung (syarat) | B6: Web | C6: https://sidnok.semarangkota.go.id/data-dukung | D6: Halaman resmi sidnok.semarangkota.go.id (diakses 2026-10-20)
A7: Bantuan | B7: Web | C7: https://sidnok.semarangkota.go.id/bantuan | D7: Halaman resmi sidnok.semarangkota.go.id (diakses 2026-10-20)
A8: Call Center (telepon) | B8: Telepon | C8: 024-6702563 | D8: Halaman resmi sidnok.semarangkota.go.id (diakses 2026-10-20)
A9: Call Center (WhatsApp) | B9: WhatsApp | C9: 0895-6390-74212 | D9: Halaman resmi sidnok.semarangkota.go.id (diakses 2026-10-20)
A10: Situs Dispendukcapil | B10: Web | C10: https://www.dispendukcapil.semarangkota.go.id/ | D10: Halaman resmi sidnok.semarangkota.go.id (diakses 2026-10-20)

Sheet Teks_Portal
A1: Elemen | B1: Usulan Teks | C1: Catatan
A2: Judul bagian alur | B2: Cara mengurus lewat Sidnok | C2: Informasi saja; pengajuan dilakukan di aplikasi/situs resmi.
A3: Tombol ke halaman alur | B3: Pelajari alurnya | C3: Hindari: Ajukan, Buat, Perpanjang sekarang.
A4: Tautan keluar | B4: Buka situs resmi Sidnok (Dispendukcapil) | C4: Tautan eksternal; tampilkan keterangan bahwa pengguna meninggalkan portal.
A5: Banner cakupan (ScopeNotice) | B5: Portal ini hanya memberi informasi. Pengajuan layanan dilakukan lewat Sidnok atau kantor Dukcapil terdekat. | C5: Tampil di beranda, halaman layanan, dan chatbot.
A6: Chatbot: diminta mengajukan/membuat dokumen | B6: Saya hanya memberi informasi dan tidak dapat mengajukan atau mengurus dokumen. Anda bisa mengajukan lewat Sidnok. Berikut syarat dan alurnya: [dari sumber]. | C6: Sesuai AGENTS B2 nomor 11. Tautan Sidnok diambil dari konfigurasi Kanal_Resmi, bukan dari model.
A7: Chatbot: lupa kata sandi Sidnok | B7: Jika lupa kata sandi, sebaiknya datang langsung ke Dukcapil terdekat. [alur dari sumber] | C7: Hanya setelah sumber disetujui.

Sheet Info_IKD
A1: Aspek | B1: Isi | C1: Asal | D1: Status Verifikasi
A2: Yang dibawa | B2: HP | C2: Keterangan petugas (pengalaman magang) | D2: Perlu konfirmasi tertulis
A3: Biaya | B3: Tidak ada biaya | C3: Keterangan petugas (pengalaman magang) | D3: Perlu konfirmasi tertulis
A4: Estimasi waktu | B4: Tergantung antrean di loket (tanpa angka) | C4: Keterangan petugas (pengalaman magang) | D4: Perlu konfirmasi tertulis

Sheet Metadata_Sumber
A1: Layanan ID | B1: Judul Sumber | C1: Nomor Dokumen Asli | D1: Tanggal Dokumen Asli | E1: Tanggal Berlaku (effective_date) | F1: Tanggal Tinjau Berikutnya | G1: Penanggung Jawab (Disdukcapil) | H1: Diunggah Oleh | I1: Status
A2: CONTOH | B2: SOP Pelayanan KTP-el (contoh) | C2: 123/SOP/2026 | D2: 2026-01-15 | E2: 2026-02-01 | F2: 2026-05-01 | G2: Nama petugas (contoh) | H2: Hua | I2: Draf
A3: AKL | I3: Draf
A4: AKM | I4: Draf
A5: KTPEL | I5: Draf
A6: KIA | I6: Draf
A7: BIODATA | I7: Draf
A8: PINDAH | I8: Draf
A9: DATANG | I9: Draf
A10: SINKRON | I10: Draf
A11: CERAIKAWIN | I11: Draf
A12: IKD | I12: Draf
A13: ALUR-KANTOR | I13: Draf
A14: ALUR-SIDNOK | I14: Draf
